INSERT INTO ilac VALUES 
  ('1111111116','1111111111','srup','Afinitor','2023-09-05','f1111');
INSERT INTO ilac VALUES 
  ('1111111117','2222222222','sprey','Alamida','2023-08-05','f2222');
INSERT INTO ilac VALUES 
  ('1111111118','3333333333','tablet','Majezik','2023-10-01','f3333');
INSERT INTO ilac VALUES 
  ('1111111119','4444444444','tablet','Ibucold','2024-10-30','f4444');
INSERT INTO ilac VALUES 
  ('1111111120','5555555555','tablet','Certican','2024-05-23','f5555');
INSERT INTO ilac VALUES 
  ('1111111121','6666666666','tablet','Certican','2024-05-20','f5555');
INSERT INTO ilac VALUES 
  ('1111111122','7777777777','tablet','Majezik','2024-06-18','f4444');
INSERT INTO ilac VALUES 
  ('1111111123','8888888888','sprey','Alamida','2024-01-14','f1111');
INSERT INTO ilac VALUES 
  ('1111111124','9999999999','srup','Afinitor','2024-02-22','f3333');
INSERT INTO ilac VALUES 
  ('1111111125','0000000000','tablet','Ibucold','2024-09-01','f2222');
insert into SIPARIS values
  ('1111111111','11111','2021-12-12');
insert into SIPARIS values
  ('2222222222','22222','2022-11-11');
insert into SIPARIS values
  ('3333333333','33333','2020-04-12');
insert into SIPARIS values
  ('4444444444','44444','2023-12-12');
insert into SIPARIS values
  ('5555555555','55555','2021-12-12');
insert into SIPARIS values
  ('6666666666','66666','2021-12-12');
insert into SIPARIS values
  ('7777777777','77777','2022-11-11');
insert into SIPARIS values
  ('8888888888','88888','2020-04-12');
insert into SIPARIS values
  ('9999999999','99999','2023-12-12');
insert into SIPARIS values
  ('0000000000','00000','2021-12-12');
insert into ECZANE values
  ('11111','TOLGA','565 Jordan, Milwaukee, WI','543905812','tolga68');
insert into ECZANE values
  ('22222','HİKMET','145 Bradbury, Sacramento, CA','543905812','hikmet68');
insert into ECZANE values
  ('33333','ELİF','111 Hollow, Milwaukee, WI','543905812','elif68');
insert into ECZANE values
  ('44444','DERYA','233 Solid, Milwaukee, WI','543905812','derya68');
insert into ECZANE values
  ('55555','NUR','987 Windy St, Milwaukee, WI','543905812','nur68');
insert into firma values
  ('f1111','KAYA','134 Pelham, Milwaukee, WI','543907812','kayaholding');
insert into firma values
  ('f2222','HERMAN','266 McGrady, Milwaukee, WI','542903812','hermanco');
insert into firma values
  ('f3333','YILDIZ','112 Third St, Milwaukee, WI','543905812','yıldızco');
insert into firma values
  ('f4444','YILMAZ','6677 Mills Ave, Sacramento, CA','533923812','yılmazco');
insert into firma values
  ('f5555','KOÇ','111 Hollow, Milwaukee, WI','555905881','kocholding');
insert into KULLANICI values
('19999');
insert into KULLANICI values
  ('11111');
insert into KULLANICI values
  ('22222');
insert into KULLANICI values
  ('33333');
insert into KULLANICI values
  ('44444');
insert into KULLANICI values
  ('55555');
insert into KULLANICI values
  ('66666');
insert into KULLANICI values
  ('77777');
insert into KULLANICI values
  ('88888');
insert into KULLANICI values
  ('99999');
insert into KULLANICI values
  ('00000');
insert into UYE values
  ('Mehmet','123456789','11111');
insert into UYE values
  ('Asli','12345678912','22222');
insert into UYE values
  ('Han','12345678913','33333');
insert into UYE values
  ('Selim','12345678914','44444');
insert into UYE values
  ('Veli','12345126789','55555');
insert into ADMIN values
('Elif','19071907','19999');
insert into ZIYARETCI values
  ('66666');
insert into ZIYARETCI values
  ('77777');
insert into ZIYARETCI values
  ('88888');
insert into ZIYARETCI values
  ('99999');
insert into ZIYARETCI values
  ('00000');
insert into anlasma_saglar values
('11111','f1111');
insert into anlasma_saglar values
('22222','f2222');
insert into anlasma_saglar values
('33333','f3333');
insert into anlasma_saglar values
('44444','f4444');
insert into anlasma_saglar values
('55555','f5555');
insert into ECZANE_SIPARIS values
('11111','1111111111');
insert into ECZANE_SIPARIS values
('22222','2222222222');
insert into ECZANE_SIPARIS values
('33333','3333333333');
insert into ECZANE_SIPARIS values
('44444','4444444444');
insert into ECZANE_SIPARIS values
('55555','5555555555');
insert into ECZANE_SIPARIS values
('55555','6666666666');
insert into ECZANE_SIPARIS values
('44444','7777777777');
insert into ECZANE_SIPARIS values
('11111','8888888888');
insert into ECZANE_SIPARIS values
('33333','9999999999');
insert into ECZANE_SIPARIS values
('22222','0000000000');